[
  {
    "model": "train_station.traintype",
    "pk": 1,
    "fields": {
      "name": "Express"
    }
  },
  {
    "model": "train_station.traintype",
    "pk": 2,
    "fields": {
      "name": "Freight"
    }
  },
  {
    "model": "train_station.traintype",
    "pk": 3,
    "fields": {
      "name": "Regional"
    }
  },
  {
    "model": "train_station.traintype",
    "pk": 4,
    "fields": {
      "name": "Intercity"
    }
  },
  {
    "model": "train_station.traintype",
    "pk": 5,
    "fields": {
      "name": "High Speed"
    }
  },
  {
    "model": "train_station.train",
    "pk": 1,
    "fields": {
      "name": "Intercity Express",
      "cargo_num": 101,
      "places_in_cargo": 200,
      "train_type": 1
    }
  },
  {
    "model": "train_station.train",
    "pk": 2,
    "fields": {
      "name": "Freight Liner",
      "cargo_num": 202,
      "places_in_cargo": 0,
      "train_type": 2
    }
  },
  {
    "model": "train_station.train",
    "pk": 3,
    "fields": {
      "name": "Regional Commuter",
      "cargo_num": 303,
      "places_in_cargo": 100,
      "train_type": 3
    }
  },
  {
    "model": "train_station.train",
    "pk": 4,
    "fields": {
      "name": "City Hopper",
      "cargo_num": 404,
      "places_in_cargo": 150,
      "train_type": 4
    }
  },
  {
    "model": "train_station.train",
    "pk": 5,
    "fields": {
      "name": "High Speed Bullet",
      "cargo_num": 505,
      "places_in_cargo": 300,
      "train_type": 5
    }
  },
  {
    "model": "train_station.train",
    "pk": 6,
    "fields": {
      "name": "Freight Master",
      "cargo_num": 606,
      "places_in_cargo": 0,
      "train_type": 2
    }
  },
  {
    "model": "train_station.train",
    "pk": 7,
    "fields": {
      "name": "Express Liner",
      "cargo_num": 707,
      "places_in_cargo": 250,
      "train_type": 1
    }
  },
  {
    "model": "train_station.train",
    "pk": 8,
    "fields": {
      "name": "City Express",
      "cargo_num": 808,
      "places_in_cargo": 120,
      "train_type": 4
    }
  },
  {
    "model": "train_station.train",
    "pk": 9,
    "fields": {
      "name": "Regional Express",
      "cargo_num": 909,
      "places_in_cargo": 110,
      "train_type": 3
    }
  },
  {
    "model": "train_station.train",
    "pk": 10,
    "fields": {
      "name": "Bullet Liner",
      "cargo_num": 1010,
      "places_in_cargo": 350,
      "train_type": 5
    }
  },
  {
    "model": "train_station.station",
    "pk": 1,
    "fields": {
      "name": "Central Station",
      "latitude": 52.52,
      "longitude": 13.41
    }
  },
  {
    "model": "train_station.station",
    "pk": 2,
    "fields": {
      "name": "North Station",
      "latitude": 48.85,
      "longitude": 2.35
    }
  },
  {
    "model": "train_station.station",
    "pk": 3,
    "fields": {
      "name": "South Station",
      "latitude": 40.71,
      "longitude": -74.01
    }
  },
  {
    "model": "train_station.station",
    "pk": 4,
    "fields": {
      "name": "East Station",
      "latitude": 34.05,
      "longitude": -118.25
    }
  },
  {
    "model": "train_station.station",
    "pk": 5,
    "fields": {
      "name": "West Station",
      "latitude": 51.51,
      "longitude": -0.13
    }
  },
  {
    "model": "train_station.station",
    "pk": 6,
    "fields": {
      "name": "Northeast Station",
      "latitude": 41.89,
      "longitude": 12.48
    }
  },
  {
    "model": "train_station.station",
    "pk": 7,
    "fields": {
      "name": "Southwest Station",
      "latitude": 37.77,
      "longitude": -122.42
    }
  },
  {
    "model": "train_station.station",
    "pk": 8,
    "fields": {
      "name": "Southeast Station",
      "latitude": 35.68,
      "longitude": 139.69
    }
  },
  {
    "model": "train_station.station",
    "pk": 9,
    "fields": {
      "name": "Northwest Station",
      "latitude": 55.75,
      "longitude": 37.62
    }
  },
  {
    "model": "train_station.station",
    "pk": 10,
    "fields": {
      "name": "Central Hub",
      "latitude": 48.21,
      "longitude": 16.37
    }
  },
  {
    "model": "train_station.route",
    "pk": 1,
    "fields": {
      "source": 1,
      "destination": 2,
      "distance": 500
    }
  },
  {
    "model": "train_station.route",
    "pk": 2,
    "fields": {
      "source": 2,
      "destination": 3,
      "distance": 600
    }
  },
  {
    "model": "train_station.route",
    "pk": 3,
    "fields": {
      "source": 3,
      "destination": 4,
      "distance": 700
    }
  },
  {
    "model": "train_station.route",
    "pk": 4,
    "fields": {
      "source": 4,
      "destination": 5,
      "distance": 800
    }
  },
  {
    "model": "train_station.route",
    "pk": 5,
    "fields": {
      "source": 5,
      "destination": 1,
      "distance": 900
    }
  },
  {
    "model": "train_station.route",
    "pk": 6,
    "fields": {
      "source": 1,
      "destination": 3,
      "distance": 700
    }
  },
  {
    "model": "train_station.route",
    "pk": 7,
    "fields": {
      "source": 2,
      "destination": 4,
      "distance": 800
    }
  },
  {
    "model": "train_station.route",
    "pk": 8,
    "fields": {
      "source": 3,
      "destination": 5,
      "distance": 1000
    }
  },
  {
    "model": "train_station.route",
    "pk": 9,
    "fields": {
      "source": 4,
      "destination": 1,
      "distance": 1100
    }
  },
  {
    "model": "train_station.route",
    "pk": 10,
    "fields": {
      "source": 5,
      "destination": 2,
      "distance": 1200
    }
  },
  {
    "model": "train_station.crew",
    "pk": 1,
    "fields": {
      "first_name": "John",
      "last_name": "Doe"
    }
  },
  {
    "model": "train_station.crew",
    "pk": 2,
    "fields": {
      "first_name": "Jane",
      "last_name": "Smith"
    }
  },
  {
    "model": "train_station.crew",
    "pk": 3,
    "fields": {
      "first_name": "Robert",
      "last_name": "Brown"
    }
  },
  {
    "model": "train_station.crew",
    "pk": 4,
    "fields": {
      "first_name": "Emily",
      "last_name": "Davis"
    }
  },
  {
    "model": "train_station.crew",
    "pk": 5,
    "fields": {
      "first_name": "Michael",
      "last_name": "Johnson"
    }
  },
  {
    "model": "train_station.crew",
    "pk": 6,
    "fields": {
      "first_name": "Jessica",
      "last_name": "Taylor"
    }
  },
  {
    "model": "train_station.crew",
    "pk": 7,
    "fields": {
      "first_name": "David",
      "last_name": "Anderson"
    }
  },
  {
    "model": "train_station.crew",
    "pk": 8,
    "fields": {
      "first_name": "Sarah",
      "last_name": "Thomas"
    }
  },
  {
    "model": "train_station.crew",
    "pk": 9,
    "fields": {
      "first_name": "Daniel",
      "last_name": "Martinez"
    }
  },
  {
    "model": "train_station.crew",
    "pk": 10,
    "fields": {
      "first_name": "Laura",
      "last_name": "Hernandez"
    }
  },
  {
    "model": "train_station.order",
    "pk": 1,
    "fields": {
      "created_at": "2024-08-01T12:00:00Z",
      "user": 1
    }
  },
  {
    "model": "train_station.order",
    "pk": 2,
    "fields": {
      "created_at": "2024-08-02T12:00:00Z",
      "user": 3
    }
  },
  {
    "model": "train_station.order",
    "pk": 3,
    "fields": {
      "created_at": "2024-08-03T12:00:00Z",
      "user": 3
    }
  },
  {
    "model": "train_station.order",
    "pk": 4,
    "fields": {
      "created_at": "2024-08-04T12:00:00Z",
      "user": 1
    }
  },
  {
    "model": "train_station.order",
    "pk": 5,
    "fields": {
      "created_at": "2024-08-05T12:00:00Z",
      "user": 3
    }
  },
  {
    "model": "train_station.order",
    "pk": 6,
    "fields": {
      "created_at": "2024-08-06T12:00:00Z",
      "user": 1
    }
  },
  {
    "model": "train_station.order",
    "pk": 7,
    "fields": {
      "created_at": "2024-08-07T12:00:00Z",
      "user": 2
    }
  },
  {
    "model": "train_station.order",
    "pk": 8,
    "fields": {
      "created_at": "2024-08-08T12:00:00Z",
      "user": 1
    }
  },
  {
    "model": "train_station.order",
    "pk": 9,
    "fields": {
      "created_at": "2024-08-09T12:00:00Z",
      "user": 2
    }
  },
  {
    "model": "train_station.order",
    "pk": 10,
    "fields": {
      "created_at": "2024-08-10T12:00:00Z",
      "user": 1
    }
  },
  {
    "model": "train_station.ticket",
    "pk": 1,
    "fields": {
      "cargo": 1,
      "seat": 1,
      "journey": 1,
      "order": 1
    }
  },
  {
    "model": "train_station.ticket",
    "pk": 2,
    "fields": {
      "cargo": 2,
      "seat": 2,
      "journey": 2,
      "order": 2
    }
  },
  {
    "model": "train_station.ticket",
    "pk": 3,
    "fields": {
      "cargo": 3,
      "seat": 3,
      "journey": 3,
      "order": 3
    }
  },
  {
    "model": "train_station.ticket",
    "pk": 4,
    "fields": {
      "cargo": 4,
      "seat": 4,
      "journey": 4,
      "order": 4
    }
  },
  {
    "model": "train_station.ticket",
    "pk": 5,
    "fields": {
      "cargo": 5,
      "seat": 5,
      "journey": 5,
      "order": 5
    }
  },
  {
    "model": "train_station.ticket",
    "pk": 6,
    "fields": {
      "cargo": 6,
      "seat": 6,
      "journey": 6,
      "order": 6
    }
  },
  {
    "model": "train_station.ticket",
    "pk": 7,
    "fields": {
      "cargo": 7,
      "seat": 7,
      "journey": 7,
      "order": 7
    }
  },
  {
    "model": "train_station.ticket",
    "pk": 8,
    "fields": {
      "cargo": 8,
      "seat": 8,
      "journey": 8,
      "order": 8
    }
  },
  {
    "model": "train_station.ticket",
    "pk": 9,
    "fields": {
      "cargo": 9,
      "seat": 9,
      "journey": 9,
      "order": 9
    }
  },
  {
    "model": "train_station.ticket",
    "pk": 10,
    "fields": {
      "cargo": 10,
      "seat": 10,
      "journey": 10,
      "order": 10
    }
  },
  {
    "model": "train_station.ticket",
    "pk": 11,
    "fields": {
      "cargo": 11,
      "seat": 11,
      "journey": 1,
      "order": 1
    }
  },
  {
    "model": "train_station.ticket",
    "pk": 12,
    "fields": {
      "cargo": 12,
      "seat": 12,
      "journey": 2,
      "order": 2
    }
  },
  {
    "model": "train_station.ticket",
    "pk": 13,
    "fields": {
      "cargo": 13,
      "seat": 13,
      "journey": 3,
      "order": 3
    }
  },
  {
    "model": "train_station.ticket",
    "pk": 14,
    "fields": {
      "cargo": 14,
      "seat": 14,
      "journey": 4,
      "order": 4
    }
  },
  {
    "model": "train_station.ticket",
    "pk": 15,
    "fields": {
      "cargo": 15,
      "seat": 15,
      "journey": 5,
      "order": 5
    }
  },
  {
    "model": "train_station.ticket",
    "pk": 16,
    "fields": {
      "cargo": 16,
      "seat": 16,
      "journey": 6,
      "order": 6
    }
  },
  {
    "model": "train_station.ticket",
    "pk": 17,
    "fields": {
      "cargo": 17,
      "seat": 17,
      "journey": 7,
      "order": 7
    }
  },
  {
    "model": "train_station.ticket",
    "pk": 18,
    "fields": {
      "cargo": 18,
      "seat": 18,
      "journey": 8,
      "order": 8
    }
  },
  {
    "model": "train_station.ticket",
    "pk": 19,
    "fields": {
      "cargo": 19,
      "seat": 19,
      "journey": 9,
      "order": 9
    }
  },
  {
    "model": "train_station.ticket",
    "pk": 20,
    "fields": {
      "cargo": 20,
      "seat": 20,
      "journey": 10,
      "order": 10
    }
  },
  {
    "model": "train_station.journey",
    "pk": 1,
    "fields": {
      "route": 1,
      "train": 1,
      "departure_time": "2024-08-10T10:00:00Z",
      "arrival_time": "2024-08-10T15:00:00Z",
      "crew": [1, 2]
    }
  },
  {
    "model": "train_station.journey",
    "pk": 2,
    "fields": {
      "route": 2,
      "train": 2,
      "departure_time": "2024-08-11T10:00:00Z",
      "arrival_time": "2024-08-11T16:00:00Z",
      "crew": [3, 4]
    }
  },
  {
    "model": "train_station.journey",
    "pk": 3,
    "fields": {
      "route": 3,
      "train": 3,
      "departure_time": "2024-08-12T10:00:00Z",
      "arrival_time": "2024-08-12T17:00:00Z",
      "crew": [5, 6]
    }
  },
  {
    "model": "train_station.journey",
    "pk": 4,
    "fields": {
      "route": 4,
      "train": 4,
      "departure_time": "2024-08-13T10:00:00Z",
      "arrival_time": "2024-08-13T18:00:00Z",
      "crew": [7, 8]
    }
  },
  {
    "model": "train_station.journey",
    "pk": 5,
    "fields": {
      "route": 5,
      "train": 5,
      "departure_time": "2024-08-14T10:00:00Z",
      "arrival_time": "2024-08-14T19:00:00Z",
      "crew": [9, 10]
    }
  },
  {
    "model": "train_station.journey",
    "pk": 6,
    "fields": {
      "route": 6,
      "train": 6,
      "departure_time": "2024-08-15T10:00:00Z",
      "arrival_time": "2024-08-15T20:00:00Z",
      "crew": [1, 3]
    }
  },
  {
    "model": "train_station.journey",
    "pk": 7,
    "fields": {
      "route": 7,
      "train": 7,
      "departure_time": "2024-08-16T10:00:00Z",
      "arrival_time": "2024-08-16T21:00:00Z",
      "crew": [2, 4]
    }
  },
  {
    "model": "train_station.journey",
    "pk": 8,
    "fields": {
      "route": 8,
      "train": 8,
      "departure_time": "2024-08-17T10:00:00Z",
      "arrival_time": "2024-08-17T22:00:00Z",
      "crew": [5, 7]
    }
  },
  {
    "model": "train_station.journey",
    "pk": 9,
    "fields": {
      "route": 9,
      "train": 9,
      "departure_time": "2024-08-18T10:00:00Z",
      "arrival_time": "2024-08-18T23:00:00Z",
      "crew": [6, 8]
    }
  },
  {
    "model": "train_station.journey",
    "pk": 10,
    "fields": {
      "route": 10,
      "train": 10,
      "departure_time": "2024-08-19T10:00:00Z",
      "arrival_time": "2024-08-19T23:00:00Z",
      "crew": [9, 10]
    }
  },
  {
    "model": "user.customuser",
    "pk": 2,
    "fields": {
      "username": "john_doe",
      "password": "pbkdf2_sha256$260000$5cPwq1JCLPty$z/vW3GgKhkU/JwTfsRJn/mjB9Zb6iRHE9c8Bs9Se/WE=",
      "email": "john_doe@example.com"
    }
  },
  {
    "model": "user.customuser",
    "pk": 3,
    "fields": {
      "username": "jane_smith",
      "password": "pbkdf2_sha256$260000$T2y1tddr4G26$hVClMYOZL8NqCJ5I1fjfkwy/TPm/v1Xbr17BfrZQnxQ=",
      "email": "jane_smith@example.com"
    }
  }
]

